event_id,event_name,series,number,date_iso,weekday,time,venue,city,performers,entrance,announcement_text,sources,date_confidence,conflicts
ev_001,Χειμωνιάτικη προσφορά με καφεδάκι πακέτο και τσουρεκάκι MONO 2 ευρώ,Other,,2021-10-12T11:20:00.001+03:00,Tuesday,21:00,Fuit Art Cafe,Γρεβενά,"Αλέξανδρος Χατζής, Στέργιος Χατζηκυριακίδης",Standard,Ο Χειμώνας πλησιάζει και οι προσφορές του fuit συνεχίζονται...      Ο πρώτος καφές της ημέρας είναι λένε ο καλύτερος. Πόσο μάλιστα όταν αυτός συνδυάζεται με... πρωινό. Και στο fuit φροντίζουμε και για,https://www.fuit.gr/2021/10/takeaway.html,exact,
ev_002,"""Έχουμε γλεντήσει σε πολλά πανηγύρια και δεν ντρεπόμαστε"" ",Other,,2021-02-02T19:50:00.008+02:00,Tuesday,22:00,Βασιλίτσα Ski Resort,Γρεβενά,"Αλέξανδρος Χατζής, Στέργιος Χατζηκυριακίδης",Standard,Ανακρίναμε τους Pindos Atletico και βγάλαμε είδηση. Στα αυτιά κλαρίνα και νέος δίσκος μετά την καραντίνα...                                                     επιμέλεια:  Γιάννης Ευαγγελόπουλος  Μερι,https://www.fuit.gr/2021/02/blog-post.html,exact,
ev_003,ΑΝΑΣΚΟΠΗΣΗ 2020 - Κι όμως υπήρξαν και ωραίες στιγμές ,ΒΛΑΞ,,2020-12-28T21:00:00.006+02:00,Monday,21:00,Fuit Art Cafe,Γρεβενά,"Αλέξανδρος Χατζής, Στέργιος Χατζηκυριακίδης",Standard,Το 2020 έφτασε σχεδόν στο τέλος του. Μια χρονιά που με διαφορά θα θέλαμε όλοι μαζί να αφήσουμε στο παρελθόν και να κοιτάξουμε με μεγαλύτερη αισιοδοξία το 2021. Με την ελπίδα πως θα επιστρέψουμε στην κ,https://www.fuit.gr/2020/12/2020.html,exact,
ev_004,"«Αν θες να γνωρίσεις μια πόλη, κοίτα τους τοίχους της»",Other,,2020-12-08T16:22:00.001+02:00,Tuesday,21:00,Fuit Art Cafe,Γρεβενά,"Αλέξανδρος Χατζής, Στέργιος Χατζηκυριακίδης",Standard,"Πριν από αρκετό καιρό ο παγκόσμιας φήμης streetartist – ΙΝΟ έδωσε μια ενδιαφέρουσα συνέντευξη στην εφημερίδα New York Times και μεταξύ άλλων δήλωσε:  «Αν θες να γνωρίσεις μια πόλη, κοίτα τους τοίχους ",https://www.fuit.gr/2019/05/streetart-grevena.html,exact,
ev_005,Ανάρπαστα τα νέα fuit hoodies ,Other,,2020-12-05T19:40:00.001+02:00,Saturday,21:00,Fuit Art Cafe,Γρεβενά,"Αλέξανδρος Χατζής, Στέργιος Χατζηκυριακίδης",Standard,Ανάρπαστα έχουν γίνει τα νέα fuit hoodies που δεν πρόλαβαν να κυκλοφορήσουν και εξαντλήθηκαν. Φίλοι μας σε όλη την Ελλάδα μας στέλνουν καθημερινά φωτογραφίες και μερικές από αυτές είπαμε να τις μοιρασ,https://www.fuit.gr/2020/11/fuit-hoodies.html,exact,
ev_006,Στο fuit art cafe μέρος των γυρισμάτων του Εya - Pindos Atletico,Other,,2020-12-02T15:13:00.001+02:00,Wednesday,21:00,Fuit Art Cafe,Γρεβενά,"Αλέξανδρος Χατζής, Στέργιος Χατζηκυριακίδης",Standard,Το  Eya  είναι πλέον online. To νέο τραγούδι και παράλληλα το νέο τους video clip μέρος των γυρισμάτων έγιναν  στο fuit art cafe παρουσίασαν πριν από λίγες ημέρες τα δικά μας παιδιά οι  Pindos Atletic,https://www.fuit.gr/2020/09/fuit-art-cafe-ya-pindos-atletico.html,exact,
ev_007,“Δεν αργεί η στιγμή να δούμε Έλληνα ή Ελληνίδα στην κορυφή”,Other,,2020-11-28T11:30:00.001+02:00,Saturday,21:00,Fuit Art Cafe,Γρεβενά,"Αλέξανδρος Χατζής, Στέργιος Χατζηκυριακίδης",Free,"Η Θεοδώρα Χαντάβα κατέκτησε το πανελλήνιο πρωτάθλημα τένις, και βάζει... πλώρη για τα Grand Slam                                                        επιμέλεια:  Γιάννης Ευαγγελόπουλος  Στο άκουσμα ",https://www.fuit.gr/2020/11/blog-post.html,exact,
ev_008,1η θέση του πανελληνίου πρωταθλήματος στίβου για τη δική μας Ελένη Κουτσαλιάρη ,Other,,2020-09-08T14:49:00.007+03:00,Tuesday,21:00,Fuit Art Cafe,Γρεβενά,"Αλέξανδρος Χατζής, Στέργιος Χατζηκυριακίδης",Standard,"Επαναλαμβανόμενη σύμπτωση παύει να είναι σύμπτωση. Κι αυτό διότι κάθε φορά που  αποφασίζουμε να στηρίξουμε κάποιο ""δικό"" μας παιδί η επιτυχία είναι πλέον δεδομένη.  Ελένη Κουτσαλιάρη  μας έκανες περήφ",https://www.fuit.gr/2020/09/1.html,exact,
ev_009,Μας πήραν... χαμπάρι και στην ΚΑΘΗΜΕΡΙΝΗ,Other,,2020-08-29T18:02:00.002+03:00,Saturday,22:00,Fuit Art Cafe,Γρεβενά,"Αλέξανδρος Χατζής, Στέργιος Χατζηκυριακίδης",Standard,"«Σκαλωμένοι» στις φιλίες της ελληνικής επαρχίας ΝΙΚΟΛΑΣ ΖΩΗΣ Στέργιος Χατζηκυριακίδης Σκαλωμένοι σε ένα μπαρ εκδ. Δίαυλος σελ. 264 Αν έχετε μεγαλώσει και σταδιοδρομήσει στην Αθήνα, αν ειδικά θεωρείτε ",https://www.fuit.gr/2020/08/blog-post_29.html; https://www.fuit.gr/2020/08/fuit-cafe-2020.html,exact,
ev_010,Αναμνηστικές κούπες fuit ,Other,,2020-07-08T12:39:00.004+03:00,Wednesday,21:00,Fuit Art Cafe,Γρεβενά,"Αλέξανδρος Χατζής, Στέργιος Χατζηκυριακίδης",Standard,Το Fuit art cafe έχει τη χαρά και την τιμή να φιλοξενεί από την Τετάρτη 1η Ιουλίου και για τις επόμενες ημέρες την έκθεση φωτογραφίας του Κλεομένη Νικόπουλου.  Μια έκθεση με φωτογραφίες από διάφορες δ,https://www.fuit.gr/2020/07/souvenir.html; https://www.fuit.gr/2020/07/kleomenis.html,exact,
ev_011,Τα ΑΠΑΝΤΑ του Στέργιου Χατζηκυριακίδη στο fuit art cafe,Other,,2020-05-04T02:00:00.000+03:00,Monday,21:00,Fuit Art Cafe,Γρεβενά,"Αλέξανδρος Χατζής, Στέργιος Χατζηκυριακίδης",Standard,Το fuit art cafe ενημερώνει τους πελάτες και φίλους πως εδώ και κάποιες ημέρες τα βιβλία του Στέργιου Χατζηκυριακίδη υπάρχουν στη διάθεση σας.  ΓΚΡΟΒΕΡ  -  Σκαλωμένοι σ' ένα μπαρ  και  SHORT STORIES  ,https://www.fuit.gr/2019/11/fuit-art-cafe.html,exact,
ev_012,ΝΕΑ χειροποίητα μπρελόκ fuit - φινάκια surf ,Other,,2020-04-05T21:29:00.000+03:00,Sunday,21:00,Fuit Art Cafe,Γρεβενά,"Αλέξανδρος Χατζής, Στέργιος Χατζηκυριακίδης",Standard,Έκθεση φωτογραφίας με θέμα την καθημερινότητα και τη ζωή των προσφύγων που ζούνε στα Γρεβενά φιλοξενήθηκε για σχεδόν ένα μήνα στο fuit art cafe.                Φωτογραφίες τραβηγμένες από τους ίδιους ,https://www.fuit.gr/2019/10/fuit-surf.html; https://www.fuit.gr/2020/01/photoexcibition.html,exact,
ev_013,Σοκολατάκια με γκοφρέτες και σοκολάτα!,Other,,2020-02-01T13:41:00.000+02:00,Saturday,21:00,Fuit Art Cafe,Γρεβενά,"Αλέξανδρος Χατζής, Στέργιος Χατζηκυριακίδης",Standard,"Από την πρώτη μέρα που τα βγάλαμε στο fuit με τον καφέ σας, τα αγαπήσατε. Μας ζητήσατε τη συνταγή και σας την παραθέτουμε για να τα δοκιμάσετε και με τον καφέ σπίτι σας.          Υλικά:    200 γρ. σοκ",https://www.fuit.gr/2020/01/chocolate.html,exact,
ev_014,MANITAROCK vol.14,ΒΛΑΞ,vol.04,2020-01-13T20:23:00.001+02:00,Monday,21:00,Fuit Art Cafe,Γρεβενά,"Αλέξανδρος Χατζής, Στέργιος Χατζηκυριακίδης",Standard,Χριστούγεννα 2019,https://www.fuit.gr/2020/01/manitarock-vol14.html; https://www.fuit.gr/2020/01/vol04.html,exact,
ev_015,Γιώργος Αβραμίδης & Invented Memories live,Other,,2019-11-26T15:12:00.000+02:00,Tuesday,22:00,Fuit Art Cafe,Γρεβενά,"Αλέξανδρος Χατζής, Στέργιος Χατζηκυριακίδης",Standard,"Μ' ένα σπουδαίο live υποδεχόμαστε τον Δεκέμβριο στο fuit art cafe. O τρομπετίστας  Γιώργος Αβραμίδης  (Γιάννης Αγγελάκας & 100 °C, ΕΚΜΕΚ, POLKAR, TUFLON) και οι  “Invented Memories” , λίγο μετά την κυ",https://www.fuit.gr/2019/11/invented-memories-live.html; https://www.fuit.gr/2019/11/1o-volley-camp.html,exact,
ev_016,"Προβολή ταινίας «¡Yallah! ¡Yallah!: Ποδόσφαιρο, Πάθος και Αντίσταση!»",Other,,2019-11-19T02:30:00.000+02:00,Tuesday,22:00,Fuit Art Cafe,Γρεβενά,"Αλέξανδρος Χατζής, Στέργιος Χατζηκυριακίδης",Standard,"Το fuit art cafe σε συνεργασία με τη Λέσχη Εργασίας Αλληλεγγύης και Πολιτισμού Γρεβενών σας προσκαλεί την  Πέμπτη 21/11  και ώρα 20.00 στην προβολή του εμβληματικού ντοκιμαντέρ,  «¡Yallah! ¡Yallah!: Π",https://www.fuit.gr/2019/11/movie.html,exact,
ev_017,Κυριακή 27 Οκτωβρίου - Απογευματινό γλέντι ,Other,,2019-10-17T12:30:00.000+03:00,Thursday,21:00,Fuit Art Cafe,Γρεβενά,"Αλέξανδρος Χατζής, Στέργιος Χατζηκυριακίδης",Standard,Την  Κυριακή 27 Οκτωβρίου  το fuit art cafe έχει τη χαρά και την τιμή να φιλοξενήσει για δεύτερη φορά δύο εξαιρετικούς μουσικούς - ερμηνευτές. Ο  Δημήτρης Βαβλιάρας  και ο  Γιώργος Μιχαήλ  έρχονται στ,https://www.fuit.gr/2019/10/fuit-art-cafe.html,exact,
ev_018,TUSSO Espresso με ελληνικό... DNA σε επιλεγμένα  καταστήματα Delicatessen,Other,,2019-09-24T17:26:00.000+03:00,Tuesday,22:00,Fuit Art Cafe,Γρεβενά,"Αλέξανδρος Χατζής, Στέργιος Χατζηκυριακίδης",Standard,Η πρώτη μου γνωριμία με τον  Tusso Espresso  και την οικογένεια  Δρακούλη  ήταν πριν από 5 περίπου χρόνια στην έκθεση Horeca στην Αθήνα. Το απίστευτο design στις κούπες και η πανέμορφη συσκευασία του ,https://www.fuit.gr/2019/09/tusso.html,exact,
ev_019,Κυκλοφόρησαν τα νεά t-shirt FU(ck)IT,Other,,2019-09-16T12:32:00.000+03:00,Monday,21:00,Fuit Art Cafe,Γρεβενά,"Αλέξανδρος Χατζής, Στέργιος Χατζηκυριακίδης",Standard,Μπορεί το καλοκαίρι να ολοκληρώθηκε ωστόσο τα νέα μπλουζάκια  FU(ck)IT  μόλις κυκλοφόρησαν και είναι παντός καιρού... Ζητήστε τα αποκλειστικά στο  fuit art cafe.                          Keep Grevena ,https://www.fuit.gr/2019/09/tshirt.html,exact,
ev_020,Fuit art cafe... Κορυφαίο cafe της πόλης και πρώτη θέση και στο Restaurant Guru ,Other,,2019-08-21T12:27:00.002+03:00,Wednesday,21:00,Fuit Art Cafe,Γρεβενά,"Αλέξανδρος Χατζής, Στέργιος Χατζηκυριακίδης",Standard,Οι διακρίσεις και τα... βραβεία για το  fuit art cafe  δεν σταματάνε ποτέ. Μετά την  1η θέση  στην οποία βρίσκεται ήδη (χάρη στις δικές σας θετικές κριτικές) στον κορυφαίο διαδυκτιακό ταξιδιωτικό οδηγ,https://www.fuit.gr/2019/08/fuit-spot.html,exact,
ev_021,Απογευματινό γλέντι και... street food,Other,,2019-08-05T14:27:00.000+03:00,Monday,21:00,Fuit Art Cafe,Γρεβενά,"Αλέξανδρος Χατζής, Στέργιος Χατζηκυριακίδης",Standard,Τα γλέντια στο  fuit  πόσο μάλιστα τα απογευματινά είναι ότι καλύτερο. Την  Παρασκευή 09 Αυγούστου  ετοιμαστείτε να ζήσουμε ένα ακόμη. Στο γνωστό μέρος (Ηλία Φάσσα 2) τη γνωστή ώρα (17.00) με πλούσιο ,https://www.fuit.gr/2019/08/street-food.html,exact,
ev_022,7 χρόνια Fuit με Pindos Atletico Live!,Other,,2019-07-28T18:47:00.001+03:00,Sunday,21:00,Fuit Art Cafe,Γρεβενά,"Αλέξανδρος Χατζής, Στέργιος Χατζηκυριακίδης",Standard,Στιγμές από το live των Pindos Atletico!         Φωτογραφίες,https://www.fuit.gr/2019/07/7-fuit-pindos-atletico-live.html,exact,
ev_023,"""Υπέρτατη τιμή ένα μετάλλιο με την εθνική""",Other,,2019-07-19T14:16:00.001+03:00,Friday,22:00,Fuit Art Cafe,Γρεβενά,"Αλέξανδρος Χατζής, Στέργιος Χατζηκυριακίδης",Standard,"Η Ελένη Φάρρου επέστρεψε με το ασημένιο μετάλλιο στις αποσκευές της και μιλάει για την αγάπη της για το μπάσκετ, την εθνική και τον επόμενο σταθμό της καριέρας της         Επιμέλεια: Γιάννης Ευαγγελόπ",https://www.fuit.gr/2019/07/blog-post.html; https://www.fuit.gr/2019/06/diagonismos.html; https://www.fuit.gr/2019/07/7-fuit-art-cafe.html,exact,
ev_024,7 ΧΡΟΝΙΑ FUIT - PINDOS ATLETICO LIVE ,Other,,2019-06-21T12:24:00.001+03:00,Friday,21:00,Fuit Art Cafe,Γρεβενά,"Αλέξανδρος Χατζής, Στέργιος Χατζηκυριακίδης",Standard,7 ΧΡΟΝΙΑ FUIT ART CAFE - All day party         Μ' αυτά και μ' αυτά το  fuit art cafe  συμπλήρωσε  7 χρόνια λειτουργίας . Και το γιορτάζουμε μ' ένα καλοκαιρινό all day party. Ετοιμαστείτε να κάνουμε το,https://www.fuit.gr/2019/06/pindos-atletico.html; https://www.fuit.gr/2019/06/7-fuit-art-cafe-all-day-party.html,exact,
ev_025,“Η αναπηρία πρέπει να είναι... πλεονέκτημα”,Other,,2019-06-18T15:04:00.000+03:00,Tuesday,21:00,Βασιλίτσα Ski Resort,Γρεβενά,"Αλέξανδρος Χατζής, Στέργιος Χατζηκυριακίδης",Standard,"Ο πρώτος Έλληνας αθλητής para snowboard, Κωσταντίνος Πετράκης αποθεώνει τη Βασιλίτσα και θυμάται τη φοιτητική του ζωή  στα Γρεβενά, τα οποία χαρακτηρίζει δεύτερο σπίτι του...         επιμέλεια: Γιάννη",https://www.fuit.gr/2019/06/petrakis.html,exact,
ev_026,Καλοκαιρινές πετσέτες fuit ,Other,,2019-06-12T13:26:00.001+03:00,Wednesday,21:00,Fuit Art Cafe,Γρεβενά,"Αλέξανδρος Χατζής, Στέργιος Χατζηκυριακίδης",Standard,Το καλοκαίρι πλησιάζει και το fuit δεν θα μπορούσε να λείπει από τις διακοπές σας ή από τις παραθαλάσσιες εξορμήσεις σας. Καλοκαιρινές  πετσέτες  σε τέσσερα μοναδικά χρώματα. Μαύρη - Μωβ - Σομόν και Τ,https://www.fuit.gr/2019/06/towels.html,exact,
ev_027,Takis Kitsioulis live,Other,,2019-06-06T16:02:00.001+03:00,Thursday,21:00,Fuit Art Cafe,Γρεβενά,"Αλέξανδρος Χατζής, Στέργιος Χατζηκυριακίδης",Standard,Ξεκίνησε από σήμερα η προπώληση εισιτηρίων για την συναυλία του  Σωκράτη Μάλαμα  στο Σπήλαιο Γρεβενών. Το fuit art cafe ενημερώνει τους πελάτες και φίλους μας πως μέχρι την πιθανή ανακοίνωση του sold ,https://www.fuit.gr/2019/06/takis-kitsioulis-live.html; https://www.fuit.gr/2019/06/malamas.html,exact,
ev_028,5η συνάντηση Μανιταρόφιλων για την Πανελλήνια Μανιταρογιορτή ,Other,,2019-06-04T15:28:00.003+03:00,Tuesday,21:00,Fuit Art Cafe,Γρεβενά,"Αλέξανδρος Χατζής, Στέργιος Χατζηκυριακίδης",Standard,Την 5η τους συνάντηση για την οργάνωση της  Πανελλήνιας Γιορτής Μανιταριού  που θα διεξαχθεί φέτος στα Γρεβενά από τις 11 μέχρι τις 14 Ιουλίου πραγματοποίησαν χθες οι Μανιταρόφιλοι Δυτικής Μακεδονίας ,https://www.fuit.gr/2019/06/manitarogiorti.html; https://www.fuit.gr/2019/06/cookies.html,exact,
ev_029,Δεύτερη συνεχόμενη χρονιά Πιστοποιητικό διάκρισης στο tripadvisor για το Fuit ,Other,,2019-05-29T13:33:00.001+03:00,Wednesday,21:00,Fuit Art Cafe,Γρεβενά,"Αλέξανδρος Χατζής, Στέργιος Χατζηκυριακίδης",Standard,"Σε μια πόλη που... κοιμάται, δεν υπάρχει τίποτα πιο ωραίο από τη  ΔΙΚΗ σας   ΑΓΑΠΗ  και  ΑΝΑΓΝΩΡΙΣΗ  γιαυτά που προσπαθούμε καθημερινά να κάνουμε. Για δεύτερη συνεχόμενη χρονιά το Fuit Art Cafe κερδίζ",https://www.fuit.gr/2019/05/tripadvisor.html,exact,
ev_030,NON SERVIAM - ROTTING CHRIST η επίσημη βιογραφία αποκλειστικά στο fuit,Other,,2019-05-27T15:21:00.000+03:00,Monday,21:00,Fuit Art Cafe,Γρεβενά,"Αλέξανδρος Χατζής, Στέργιος Χατζηκυριακίδης",Standard,"Η επίσημη βιογραφία των Rotting Christ - NON SERVIAM αποκλειστικά για τα Γρεβενά στο Fuit Art Cafe!      Έπειτα από τριάντα χρόνια αδιάλειπτης δισκογραφικής και καταιγιστικής συναυλιακής παρουσίας, εί",https://www.fuit.gr/2019/05/non-serviam-rotting-christ-fuit.html; https://www.fuit.gr/2019/05/7-years-fuit-art-cafe-video.html,exact,
ev_031,Σάββατο 25 Μαϊου - ΚΙΤΣΙΟΥΛΗΣ... ΔΑΓΚΩΤΟ ,Other,,2019-05-21T16:30:00.000+03:00,Tuesday,21:00,Fuit Art Cafe,Γρεβενά,"Αλέξανδρος Χατζής, Στέργιος Χατζηκυριακίδης",Standard,"Το Σάββατο 25 Μαϊου, μία ημέρα πριν τις εκλογές το fuit art cafe φιλοξενεί τον Τάκη Κιτσιούλη και τη μπάντα του σ' ένα απογευματινό γλέντι. Μαζί του ο Φώτης Παππάς στην κιθάρα, ο Πάνος Αμεξίσογλου στη",https://www.fuit.gr/2019/05/kitsioulis.html; https://www.fuit.gr/2019/05/pcp.html,exact,
ev_032,"Αλέξης Κρανίου: ""Το fuit κάνει γνωστά τα Γρεβενά στο εξωτερικό""",Other,,2019-05-18T13:54:00.000+03:00,Saturday,21:00,Fuit Art Cafe,Γρεβενά,"Αλέξανδρος Χατζής, Στέργιος Χατζηκυριακίδης",Standard,To G-Weekend... ταξιδεύει στα Γρεβενά και σας παρουσιάζει το σημείο που κάνει γνωστή την πόλη της Μακεδονίας σ' όλη την υφήλιο.                Επιμέλεια: Αντώνης Πατσούρας         Αν ζεις μόνιμα σε μι,https://www.fuit.gr/2019/05/kraniou.html; https://www.fuit.gr/2019/04/filter-coffee-not-people.html; https://www.fuit.gr/2019/05/eisvoleas.html; https://www.fuit.gr/2019/05/konstantis-pistiolis-vol04.html,exact,
ev_033,"Χρύσα Κατσαρίνη: ""Το fuit είναι χώρος που αφήνει το στίγμα του στην πόλη""",Other,,2019-05-16T14:21:00.000+03:00,Thursday,21:00,Fuit Art Cafe,Γρεβενά,"Αλέξανδρος Χατζής, Στέργιος Χατζηκυριακίδης",Standard,Η Εύα Χαντάβα βρέθηκε στο αγαπημένο της στέκι στα Γρεβενά και μας μίλησε για το φετινό πρωτάθλημα με τον ΠΑΟΚ και όχι μόνο...                    επιμέλεια:  Γιάννης Ευαγγελόπουλος         Γεννήθηκε κα,https://www.fuit.gr/2019/05/katsarini.html; https://www.fuit.gr/2019/05/to-fuit-1o-igloo-project.html; https://www.fuit.gr/2019/05/eva-hantava.html,exact,
ev_034,Τάρτα OREO χωρίς ψήσιμο ,Other,,2019-05-14T12:30:00.000+03:00,Tuesday,22:00,Fuit Art Cafe,Γρεβενά,"Αλέξανδρος Χατζής, Στέργιος Χατζηκυριακίδης",Standard,"Πριν από μερικές μέρες είχαμε τη χαρά να τη δοκιμάσουμε στο fuit. Εκπληκτικό γλυκό, ότι καλύτερο για τους λάτρεις της σοκολάτας. Ιδανικός συνδυασμός για τον πρωινό εσπρέσο. Μας ζητήσατε τη συνταγή και",https://www.fuit.gr/2019/05/oreo.html; https://www.fuit.gr/2019/05/fuit-video-pistiolis.html,exact,
ev_035,Stand Up Comedy στο fuit,Other,,2019-05-12T00:00:00.000+03:00,Sunday,21:00,Fuit Art Cafe,Γρεβενά,"Αλέξανδρος Χατζής, Στέργιος Χατζηκυριακίδης",Standard,"«Ό,τι  πολυτιμότερο έχω»     Το «ό,τι πολυτιμότερο έχω» ,η πρώτη σόλο Stand up comedy  παράσταση της Γρεβενιώτισσας  Χρύσας Κατσαρίνη,  η οποία, για πρώτη φορά, ανεβάζει την παράστασή της, στα Γρεβενά",https://www.fuit.gr/2019/05/stand-up-comedy.html,exact,
ev_036,Υποστηρίζουμε την Καλλιτεχνική Oμάδα Προσφύγων Γρεβενών,Other,,2019-05-05T15:45:00.001+03:00,Sunday,21:00,Fuit Art Cafe,Γρεβενά,"Αλέξανδρος Χατζής, Στέργιος Χατζηκυριακίδης",Standard,"The idea is, if I can't heal from my art, then how can you heal?                                                               -Maynard James Keenan    Την Τετάρτη 8/5, στο  Fuit art cafe :   Υποστηρί",https://www.fuit.gr/2019/05/refugees.html,exact,
ev_037,Απογευματινό γλέντι με τον Κωσταντή Πιστιόλη - Σάββατο 04 Μαϊου,Other,,2019-05-03T18:41:00.000+03:00,Friday,21:00,Fuit Art Cafe,Γρεβενά,"Αλέξανδρος Χατζής, Στέργιος Χατζηκυριακίδης",Standard,"Η λέξη γλέντι δεν μπορεί από μόνη της να περιγράψει αυτά που γίνονται, κάθε φορά που ο Κωσταντής Πιστιόλης έρχεται στο fuit. Το Σάββατο 04 Μαϊου ξαναέρχεται (για 4η φορά) στα Γρεβενά και ετοιμαστείτε ",https://www.fuit.gr/2019/05/pistiolis.html,exact,
ev_038,Στο πλευρό των... πρωταθλητών,Other,,2019-05-01T18:44:00.001+03:00,Wednesday,21:00,Fuit Art Cafe,Γρεβενά,"Αλέξανδρος Χατζής, Στέργιος Χατζηκυριακίδης",Standard,"«Τα μεγάλα live δεν χρειάζονται πάντα μεγάλα φώτα, μεγάλο stage και μεγάλο ήχο. Υπάρχουν μικρές οάσεις, κρυμμένες σε στενά, που φτιάχνουν καθημερινά ανεπανάληπτες καταστάσεις και μόνο αν βρεθείς εκεί ",https://www.fuit.gr/2019/05/support-fuit.html; https://www.fuit.gr/2019/04/baildsa.html,exact,
ev_039,Σπιτικά pancakes,Other,,2019-04-27T11:55:00.001+03:00,Saturday,21:00,Fuit Art Cafe,Γρεβενά,"Αλέξανδρος Χατζής, Στέργιος Χατζηκυριακίδης",Standard,"Κάθε μέρα γίνονται ανάρπαστα... Με σπιτική ζύμη της κας Δήμητρας, ψημένα εκείνη την ώρα! Pancakes με σοκολάτα ή μέλι ή μαρμελάδα! Η νέα... τρέλα του fuit",https://www.fuit.gr/2019/04/pancakes-spitika-fuit.html,exact,
ev_040,"CAYETANO: ""Δεύτερο σπίτι μου""",Other,,2019-04-18T21:25:00.000+03:00,Thursday,21:00,Fuit Art Cafe,Γρεβενά,"Αλέξανδρος Χατζής, Στέργιος Χατζηκυριακίδης",Standard,"«Δεν υπάρχει ωραιότερο πράγμα απο το να ταξιδεύεις για την Μουσική και να επισκέπτεσαι μέρη, στα οποία οι άνθρωποι σε κάνουν να νιώθεις σαν στο σπίτι σου…  Το FUIT είναι ένα απο αυτά!»         CAYETAN",https://www.fuit.gr/2019/04/cayetano.html,exact,
ev_041,"Opera Chaotique: ""FUIT... Πυρσάρα, μανιτάρια και Rotting Christ""",Other,,2019-04-12T21:32:00.000+03:00,Friday,21:00,Fuit Art Cafe,Γρεβενά,"Αλέξανδρος Χατζής, Στέργιος Χατζηκυριακίδης",Standard,"«Οι Opera Chaotique μαζί με τον κύριο Φ. Μπουρντένα φτάσαν στα Γρεβενά μια βροχερή μέρα του Μαρτίου. Στην πόλη του μανιταριού, ο αξιαγάπητος Γιάννης μας πήγε να δοκιμάσουμε όμορφες γεύσεις μανιταριών ",https://www.fuit.gr/2019/03/opera-chaotique.html,exact,
ev_042,Καλοκαιρινά T-SHIRT fuit ,Other,,2019-04-10T21:59:00.000+03:00,Wednesday,21:00,Fuit Art Cafe,Γρεβενά,"Αλέξανδρος Χατζής, Στέργιος Χατζηκυριακίδης",Standard,"«Το να βρεθεί ένας χώρος στην πολή των Γρεβενών όπου  να μπορούμε να παίζουμε τη μουσική μας χωρίς συμβιβασμούς, είναι κάτι που σπανίζει.       Το Fuit όμως είναι και κάτι πέρα από αυτό: είναι χώρος π",https://www.fuit.gr/2019/04/souvenir-fuit.html; https://www.fuit.gr/2019/04/maria-papageorgiou.html,exact,
ev_043,Στο πλευρό της Φιλοζωικής ομάδας Γρεβενών,Other,,2019-04-03T21:49:00.000+03:00,Wednesday,21:00,Fuit Art Cafe,Γρεβενά,"Αλέξανδρος Χατζής, Στέργιος Χατζηκυριακίδης",Standard,Από την πρώτη μέρα της λειτουργίας του fuit art cafe σταθήκαμε και στεκόμαστε στο πλευρό της Φιλοζωικής ομάδας Γρεβενών. Υπάρχει μόνιμα στο fuit κουμπαράς για την οικονομική ενίσχυση της Φιλοζωικής εν,https://www.fuit.gr/2019/04/filozoiki-grevenon-fuit.html,exact,
ev_044,"Γιώργος Αβραμίδης – ΕΠΙΣΚΕΠΤΕΣ: ""Πολιτιστική όαση""",Other,,2019-03-31T21:29:00.000+03:00,Sunday,22:00,Fuit Art Cafe,Γρεβενά,"Αλέξανδρος Χατζής, Στέργιος Χατζηκυριακίδης",Standard,«Μια που έτσι και αλλιώς είμαι μέλος των ‘ΕΠΙΣΚΕΠΤΩΝ’ του Γιάννη Αγγελάκα θα ήθελα να σας πω ότι το fuit στα Γρεβενα αποτελεί μια όαση στην ευρύτερη περιοχή της δυτικής Μακεδονίας και όχι μόνο » .   «,https://www.fuit.gr/2019/03/giorgos-avramidis.html,exact,
ev_045,Έγραψαν για μας,Other,,2019-02-26T21:48:00.000+02:00,Tuesday,21:00,Βασιλίτσα Ski Resort,Γρεβενά,"Αλέξανδρος Χατζής, Στέργιος Χατζηκυριακίδης",Standard,Δημοσιεύσεις για το fuit στον έντυπο και ηλεκτρονικό τύπο.               Fuit Art Cafe: Το μαγαζί στα Γρεβενά που κερνάει τους τετράποδους φίλους μας ΙΣΤΟΡΙΕΣ ΑΔΕΣΠΟΤΩΝ:  http://www.istoriesadespoton.,https://www.fuit.gr/2019/04/fuit-press.html,exact,
ev_046,"Κώστας Πουλής: ""Πρέπει να παίξεις εδώ"" ",Other,,2019-02-14T21:33:00.000+02:00,Thursday,21:00,Fuit Art Cafe,Γρεβενά,"Αλέξανδρος Χατζής, Στέργιος Χατζηκυριακίδης",Standard,"«Στο Fuit art cafe περάσαμε μια από τις καλύτερες βραδιές της ζωής μας. Άψογη η ηχητική κάλυψη, άψογος και φιλικότατος ο κόσμος, άψογος στη φιλοξενία ο Γιάννης, ιδιοκτήτης του χώρου » .     « Η δική μ",https://www.fuit.gr/2019/02/kostas-poulis.html,exact,
ev_047,ΓΚΡΟΒΕΡ...,Other,,2018-12-26T21:24:00.000+02:00,Wednesday,21:00,Fuit Art Cafe,Γρεβενά,"Αλέξανδρος Χατζής, Στέργιος Χατζηκυριακίδης",Standard,Το fuit art cafe ήταν το μέρος που επέλεξε ο “αδερφός” - φίλος – πελάτης Στέργιος Χατζηκυριακίδης ως τον πρώτο σταθμό παρουσίασης του πρώτου του συγγραφικού εγχειρήματος του Γκρόβερ. Ένα μυθιστόρημα π,https://www.fuit.gr/2018/12/grover.html,exact,
ev_048,Η πρέσβειρα της Κούβας στο fuit art cafe,Other,,2018-12-02T19:07:00.000+02:00,Sunday,22:00,Fuit Art Cafe,Γρεβενά,"Αλέξανδρος Χατζής, Στέργιος Χατζηκυριακίδης",Standard,Την Κυριακή 02 Δεκεμβρίου 2018 το fuit art cafe σε συνεργασία με την Λέσχη Εργασίας αλληλεγγύης και πολιτισμού Γρεβενών είχε τη χαρά και την τιμή να φιλοξενήσει την πρέσβειρα της Δημοκρατίας της Κούβα,https://www.fuit.gr/2018/12/fuit-art-cafe-presveira-kouvas.html,exact,
ev_049,"Προβολή Ντοκιμαντέρ ""Το χρονικό της δικτατορίας 1967-1974"" του Π. Βούλγαρη.",Other,,2018-11-15T19:02:00.000+02:00,Thursday,21:00,Fuit Art Cafe,Γρεβενά,"Αλέξανδρος Χατζής, Στέργιος Χατζηκυριακίδης",Standard,"Την προβολή ενός εξαιρετικού ντοκιμαντέρ για ""Το χρονικό της δικτατορίας 1967-1974"" του Παντελή Βούλγαρη είχαν τη δυνατότητα να παρακολουθήσουν οι πελάτες του fuit art cafe σε μια εκδήλωση με πρωτοβου",https://www.fuit.gr/2018/11/to-xroniko-tis-diktatorias-1967-1974.html,exact,
ev_050,Ματούλα Ζαμάνη live,Other,,2018-08-04T12:57:00.000+03:00,Saturday,21:00,Fuit Art Cafe,Γρεβενά,"Αλέξανδρος Χατζής, Στέργιος Χατζηκυριακίδης",Standard,6 χρόνια fuit art cafe - photo Sokratis Mittas,https://www.fuit.gr/2018/08/live-matoula-zamani.html,exact,
ev_051,Ρεμπέτικη βραδιά,Other,,2018-05-10T12:58:00.000+03:00,Thursday,21:00,Fuit Art Cafe,Γρεβενά,"Αλέξανδρος Χατζής, Στέργιος Χατζηκυριακίδης",Standard,Λαικά - ρεμπέτικα τραγούδια στο fuit  photo: Sokratis Mittas,https://www.fuit.gr/2018/05/rebetiki-vradia.html,exact,
ev_052,Ένας καφές σε περιμένει στο fuit,Other,,2018-05-08T18:24:00.000+03:00,Tuesday,21:00,Fuit Art Cafe,Γρεβενά,"Αλέξανδρος Χατζής, Στέργιος Χατζηκυριακίδης",Standard,Αγόρασε καφέ σε έναν συνάθρωπό σου που δεν έχει χρήματα               To  fuit art café  συμμετέχει στην ξεχωριστή πρωτοβουλία του περιοδικού δρόμου  Σχεδία: «Ένας καφές σε περιμένει!»         Ένας κα,https://www.fuit.gr/2019/04/fuit-enas-kafes-se-perimenei-grevena.html,exact,
ev_053,Καπέλα fuit και fuckit ,Other,,2018-03-03T13:48:00.000+02:00,Saturday,21:00,Fuit Art Cafe,Γρεβενά,"Αλέξανδρος Χατζής, Στέργιος Χατζηκυριακίδης",Standard,Μας το ζητήσατε και δεν μπορέσαμε να σας χαλάσουμε χατίρι.  Καπέλα fuit  και  fuckit  σε πέντε διαφορετικά σχέδια. Θα φορεθεί πολύ τη φετινή χρονιά...,https://www.fuit.gr/2018/03/hat.html,exact,
ev_054,5th Balkanita festival,Other,,2018-02-20T13:00:00.000+02:00,Tuesday,21:00,Fuit Art Cafe,Γρεβενά,"Αλέξανδρος Χατζής, Στέργιος Χατζηκυριακίδης",Standard,Manitarock vol.12 photo: Sokratis Mittas,https://www.fuit.gr/2018/02/5th-balkanita-festival.html,exact,
ev_055,Κωσταντής Πιστιόλης vol.03,Other,,2018-01-12T13:03:00.000+02:00,Friday,21:00,Fuit Art Cafe,Γρεβενά,"Αλέξανδρος Χατζής, Στέργιος Χατζηκυριακίδης",Standard,Kostantis Pistiolis vol.03 - photo: Sokratis Mittas,https://www.fuit.gr/2018/01/konstantis-pistiolis-vol03.html,exact,
ev_056,Κωσταντής Πιστιόλης στο fuit,Other,,2017-07-10T13:08:00.000+03:00,Monday,21:00,Fuit Art Cafe,Γρεβενά,"Αλέξανδρος Χατζής, Στέργιος Χατζηκυριακίδης",Standard,Pistiolis rules - photo: sokratis mittas,https://www.fuit.gr/2017/07/fuit-konstatis-pistiolis.html,exact,
ev_057,Manitarock Vol.11,Other,,2017-07-03T13:10:00.000+03:00,Monday,21:00,Fuit Art Cafe,Γρεβενά,"Αλέξανδρος Χατζής, Στέργιος Χατζηκυριακίδης",Standard,Manitarock n roll vol.11 photo: Sokratis Mittas,https://www.fuit.gr/2017/07/manitarock-vol11.html,exact,
ev_058,Sancho 003 live,Other,,2017-05-19T13:45:00.000+03:00,Friday,21:00,Fuit Art Cafe,Γρεβενά,"Αλέξανδρος Χατζής, Στέργιος Χατζηκυριακίδης",Standard,fuit 19-05-17 photo: sokratis mittas,https://www.fuit.gr/2017/05/sancho-003-live.html,exact,
ev_059,FUIT - SURF - SNOWBOARD,Other,,2017-03-02T14:09:00.000+02:00,Thursday,21:00,Fuit Art Cafe,Γρεβενά,"Αλέξανδρος Χατζής, Στέργιος Χατζηκυριακίδης",Standard,Μπρελόκ fuit  σε διάφορα σχέδια. Πάνινα και μεταλλικά.  Ξύλινες σανίδες surf  για τους λάτρεις της θάλασσας και  μεταλλικά σανιδάκια snowboard  για τους λάτρεις του βουνού.,https://www.fuit.gr/2019/06/keys.html,exact,
ev_060,Manitarock vol.09,Other,,2017-01-02T13:46:00.000+02:00,Monday,21:00,Fuit Art Cafe,Γρεβενά,"Αλέξανδρος Χατζής, Στέργιος Χατζηκυριακίδης",Standard,Manitarock & troll photo: Sokratis Mittas,https://www.fuit.gr/2017/01/manitarock-vol09.html,exact,
ev_061,Ο Χρήστος Σωτηρακόπουλος στα Γρεβενά ,Other,,2016-06-24T21:44:00.000+03:00,Friday,21:00,Fuit Art Cafe,Γρεβενά,"Αλέξανδρος Χατζής, Στέργιος Χατζηκυριακίδης",Standard,Μία ιδιαίτερα ενδιαφέρουσα παρουσίαση βιβλίου έγινε την Παρασκευή 24 Ιουνίου 2016 στο fuit art cafe.           Ο κορυφαίος Έλληνας sportscaster  Χρήστος Σωτηρακόπουλος ήρθε για 1η φορά στα Γρεβενά και,https://www.fuit.gr/2016/06/xristos-sotirakopoulos-fuit.html,exact,
ev_062,Manitarock vol.07,Other,,2016-06-09T13:44:00.000+03:00,Thursday,21:00,Fuit Art Cafe,Γρεβενά,"Αλέξανδρος Χατζής, Στέργιος Χατζηκυριακίδης",Standard,Manitarock n Roll by Sokratis Mittas,https://www.fuit.gr/2016/06/manitarock-vol07.html,exact,
ev_063,Manitarock live- vol.06,Other,,2016-05-13T13:43:00.000+03:00,Friday,21:00,Fuit Art Cafe,Γρεβενά,"Αλέξανδρος Χατζής, Στέργιος Χατζηκυριακίδης",Standard,Κάθε φορά και χειρότερα... photo by: sokratis mittas,https://www.fuit.gr/2016/05/manitarock-live-vol06.html,exact,
ev_064,Baildsa live @ fuit art cafe,Other,,2016-03-23T13:52:00.000+02:00,Wednesday,21:00,Fuit Art Cafe,Γρεβενά,"Αλέξανδρος Χατζής, Στέργιος Χατζηκυριακίδης",Standard,Απόκριες 2016 photo by sokratis mittas,https://www.fuit.gr/2016/03/baildsa-live-fuit-art-cafe.html,exact,
ev_065,Manitarock LIve VOL.5,Other,,2015-12-28T13:53:00.000+02:00,Monday,21:00,Fuit Art Cafe,Γρεβενά,"Αλέξανδρος Χατζής, Στέργιος Χατζηκυριακίδης",Standard,Πόλεμος με Manitarock στο fuit art cafe,https://www.fuit.gr/2015/12/manitarock-live-vol5.html,exact,
ev_066,BAILDSA live 24/12/15,Other,,2015-12-24T13:48:00.000+02:00,Thursday,21:00,Fuit Art Cafe,Γρεβενά,"Αλέξανδρος Χατζής, Στέργιος Χατζηκυριακίδης",Standard,Το καλύτερο αξεσουάρ για τα κρύες μέρες του Χειμώνα στα Γρεβενά και όχι μόνο.  Σκουφάκια  fuit σε 4 υπέροχα χρώματα,https://www.fuit.gr/2015/12/baildsa-live-241215.html; https://www.fuit.gr/2013/12/beanies.html,exact,
ev_067,"Γνώρισε το Σκύλο σου, Άλλαξε τη Ζωή σου",Other,,2015-12-08T17:23:00.000+02:00,Tuesday,21:00,Fuit Art Cafe,Γρεβενά,"Αλέξανδρος Χατζής, Στέργιος Χατζηκυριακίδης",Standard,"Αυτό ήταν το βασικό μήνυμα στο διήμερο  Σεμινάριο Εκπαίδευσης Σκύλων  για το κοινό, που διεξήχθη για πρώτη φορά στην πόλη των Γρεβενών το Σαββατοκύριακο που μας πέρασε.    Βασικός ομιλητής της εκδήλωσ",https://www.fuit.gr/2015/12/blog-post.html,exact,
ev_068,Αλληλεγγύη στους πρόσφυγες,Other,,2015-12-03T19:36:00.000+02:00,Thursday,21:00,Fuit Art Cafe,Γρεβενά,"Αλέξανδρος Χατζής, Στέργιος Χατζηκυριακίδης",Standard,"Το προσφυγικό ήταν είναι και θα παραμείνει ένα τεράστιο θέμα όχι μόνο για τη χώρα μας, αλλά σε παγκόσμιο επίπεδο.         Τα τελευταία χρόνια η Ελλάδα το χει ακόμα πιο έντονα καθώς χιλιάδες πρόσφυγες ",https://www.fuit.gr/2015/12/allilegii-stous-prosfyges.html,exact,
ev_069,ΠΛΗΡΗ ΝΤΑΞΕΙ live στο fuit,Other,,2015-06-16T22:14:00.000+03:00,Tuesday,21:00,Fuit Art Cafe,Γρεβενά,"Αλέξανδρος Χατζής, Στέργιος Χατζηκυριακίδης",Standard,photo: Θωμαή Γκαντήραγα,https://www.fuit.gr/2015/06/live-fuit-pliri-ntaxei.html,exact,
ev_070,Ο Κωσταντίνος Τζούμας στο fuit ,Other,,2015-04-04T21:12:00.000+03:00,Saturday,22:00,Fuit Art Cafe,Γρεβενά,"Αλέξανδρος Χατζής, Στέργιος Χατζηκυριακίδης",Standard,"Στα Γρεβενά και στο fuit art cafe βρέθηκε το Σάββατο 04 Απριλίου ο Κωσταντίνος Τζούμας. Ο γνωστός ηθοποιός και μουσικός παραγωγός παρουσίασε στο κοινό του fuit τα τρία αυτοβιογραφικά βιβλία του,  Πανω",https://www.fuit.gr/2015/04/konstantinos-tzoumas-fuit.html,exact,
ev_071,Johny Carbonaras live @ fuit art cafe,Other,,2015-03-24T13:50:00.000+02:00,Tuesday,21:00,Fuit Art Cafe,Γρεβενά,"Αλέξανδρος Χατζής, Στέργιος Χατζηκυριακίδης",Standard,Απόκριες 2016 photo by sokratis mitas,https://www.fuit.gr/2015/03/johny-carbonaras-live-fuit-art-cafe.html,exact,
ev_072,Folk n Roll @ Fuit art cafe,Other,,2015-03-15T13:51:00.000+02:00,Sunday,21:00,Fuit Art Cafe,Γρεβενά,"Αλέξανδρος Χατζής, Στέργιος Χατζηκυριακίδης",Standard,Απόκριες 2016 photo by Sokratis Mittas,https://www.fuit.gr/2015/03/folk-n-roll-fuit-art-cafe.html,exact,
ev_073,Baildsa Zvarna LIVE στο fuit 2015,Other,,2015-02-24T22:15:00.000+02:00,Tuesday,21:00,Fuit Art Cafe,Γρεβενά,"Αλέξανδρος Χατζής, Στέργιος Χατζηκυριακίδης",Standard,photo: Vasilis Xarizopoulos,https://www.fuit.gr/2015/02/baildsa-zvarna-live-fuit-2015.html,exact,
ev_074,fuit art cafe vs Εθνική Ομάδα Άστεγων,Other,,2014-11-28T18:55:00.000+02:00,Friday,21:00,Fuit Art Cafe,Γρεβενά,"Αλέξανδρος Χατζής, Στέργιος Χατζηκυριακίδης",Standard,"«Μια μπάλα για μια καλύτερη ζωή» στα Γρεβενά         Tο ποδόσφαιρο της αλληλεγγύης νίκησε και πάλι, αυτή τη φορά την Κυριακή, 23 Νοεμβρίου, στην πολύ όμορφη και φιλόξενη πόλη των Γρεβενών. Η ποδοσφαιρ",https://www.fuit.gr/2019/04/fuit-art-cafe-vs-ethniki-omada-astegon.html,exact,
ev_075,Ψαρογιώργης LIVE,Other,,2014-02-13T22:18:00.000+02:00,Thursday,21:00,Fuit Art Cafe,Γρεβενά,"Αλέξανδρος Χατζής, Στέργιος Χατζηκυριακίδης",Standard,Δύο μοναδικές βραδιές στο fuit,https://www.fuit.gr/2014/02/live-psarogiorgis.html,exact,
ev_076,Oghene Kologbo LIVE,Other,,2013-09-16T22:21:00.000+03:00,Monday,21:00,Fuit Art Cafe,Γρεβενά,"Αλέξανδρος Χατζής, Στέργιος Χατζηκυριακίδης",Standard,Afrobeat Party @ fuit art cafe,https://www.fuit.gr/2013/09/oghene-kologbo-live.html,exact,
ev_077,De Sades @ fuit art cafe,Other,,2013-03-15T22:20:00.000+02:00,Friday,21:00,Fuit Art Cafe,Γρεβενά,"Αλέξανδρος Χατζής, Στέργιος Χατζηκυριακίδης",Standard,15/03/13,https://www.fuit.gr/2013/03/de-sades-fuit-art-cafe.html,exact,
ev_078,Prostidudes LIVE @ fuit art cafe,Other,,2013-02-13T22:24:00.000+02:00,Wednesday,21:00,Fuit Art Cafe,Γρεβενά,"Αλέξανδρος Χατζής, Στέργιος Χατζηκυριακίδης",Standard,Ότι και να πεις κανείς γι' αυτό το live είναι απλά... λίγο!!!,https://www.fuit.gr/2013/02/prostidudes-live-fuit-art-cafe.html,exact,
ev_079,Balarom Trio LIVE @ fuit art cafe,Other,,2013-01-05T22:07:00.000+02:00,Saturday,21:00,Fuit Art Cafe,Γρεβενά,"Αλέξανδρος Χατζής, Στέργιος Χατζηκυριακίδης",Standard,Σάββατο 05 Ιανουαρίου 2013,https://www.fuit.gr/2013/01/balarom-trio-live-fuit-art-cafe.html,exact,
ev_080,Μαρία Παπαγεωργίου LIVE @ fuit art cafe,Other,,2012-12-12T22:05:00.000+02:00,Wednesday,21:00,Fuit Art Cafe,Γρεβενά,"Αλέξανδρος Χατζής, Στέργιος Χατζηκυριακίδης",Standard,photo by vasilis xarizopoulos,https://www.fuit.gr/2012/12/live-fuit-art-cafe-maria-papageorgiou.html,exact,
ev_081,Nikos Hatzis at fuit art cafe,Other,,2012-11-02T22:02:00.000+02:00,Friday,21:00,Fuit Art Cafe,Γρεβενά,"Αλέξανδρος Χατζής, Στέργιος Χατζηκυριακίδης",Standard,,https://www.fuit.gr/2012/11/nikos-hatzis-at-fuit-art-cafe.html,exact,
ev_082,Απίστευτη βραδιά με ΤΑΚΗ ΚΙΤΣΙΟΥΛΗ στο fuit art cafe,Other,,2012-10-29T22:01:00.000+02:00,Monday,21:00,Fuit Art Cafe,Γρεβενά,"Αλέξανδρος Χατζής, Στέργιος Χατζηκυριακίδης",Standard,,https://www.fuit.gr/2012/10/fuit-art-cafe-takis-kitsioulis.html,exact,
ev_083,ΟΙΝΟΣ ΕΡΥΘΡΟΣ ΞΗΡΟΣ ,Other,,2012-10-18T12:58:00.000+03:00,Thursday,21:00,Fuit Art Cafe,Γρεβενά,"Αλέξανδρος Χατζής, Στέργιος Χατζηκυριακίδης",Standard,Οίνος Ερυθρός Ξηρός - 2012     Εμφιαλώθηκε για το  fuit art cafe  από το  ΚΤΗΜΑ ΖΕΡΒΑ,https://www.fuit.gr/2012/10/blog-post.html,exact,
ev_084,About us,Other,,2010-01-01T12:04:00.000+02:00,Friday,21:00,Fuit Art Cafe,Γρεβενά,"Αλέξανδρος Χατζής, Στέργιος Χατζηκυριακίδης",Standard,"O ιδιοκτήτης:  έχει δύο παρατσούκλια: το ένα είναι το « φούιτ », προερχόμενο ούτε από το Λατινικό, ούτε από Γαλλικό fuit, αλλά από το Βορειοελλαδίτικο φούιτ, τουτέστιν « το έχω ντιπ χαμένο ». Το άλλο ",https://www.fuit.gr/2019/02/about-fuit-grevena.html,exact,
ev_085,6th Radical Party - GREVENA Vasilitsa ,Radical Party,,2025-01-19T03:32:00.000-08:00,Sunday,21:00,Unknown,Γρεβενά,"Αλέξανδρος Χατζής, Στέργιος Χατζηκυριακίδης",Standard,6th Radical Party - GREVENA Vasilitsa,https://www.fuitwashere.gr/2025/03/6th-radical-party-grevena-vasilitsa.html,exact,
ev_086,VASILITSA 24-25/01 - Ράντικαλ Πάρτι,Radical Party,,2024-12-12T02:52:00.000-08:00,Thursday,21:00,Βασιλίτσα Ski Resort,Γρεβενά,"Αλέξανδρος Χατζής, Στέργιος Χατζηκυριακίδης",Standard,❄️ Αυτό που ζήσαμε πέρυσι ήταν μαγικό. Μας ζητήσατε να το επαναλάβουμε και το κάνουμε πράξη.  ❄️  ΡΑΝΤΙΚΑΛ ΠΑΡΤΥ  στο αγαπημένο μας βουνό στη Βασιλίτσα. Αυτή τη φορά δίπλα στην πίστα στο λατρεμένο μας,https://www.fuitwashere.gr/2024/12/blog-post.html,exact,
ev_087,Accessories make everything better ,Other,,2024-07-12T01:51:00.000-07:00,Friday,21:00,Fuit Art Cafe,Γρεβενά,"Αλέξανδρος Χατζής, Στέργιος Χατζηκυριακίδης",Standard,Accessories make everything better... ❤ Fuit was here : Lanyard/ Enamel Mugs/ Tumbler Bottle  👍Position : Kyparissi Grevena Greece  😎Photo Credits : Giannis Evangelopoulos,https://www.fuitwashere.gr/2024/07/accessories-make-everything-better.html,exact,
ev_088,Fuit Was Here - Tank Tops,Other,,2024-06-09T23:25:00.000-07:00,Monday,21:00,Fuit Art Cafe,Γρεβενά,"Αλέξανδρος Χατζής, Στέργιος Χατζηκυριακίδης",Standard,"Tank Tops - BUT FIRST SURFING * The RST line is a version of a full-printed tank top. * Super lightweight, fully customised, extremely breathable and multipurpose, it can be used on the field or as a ",https://www.fuitwashere.gr/2024/06/fuit-was-here-tank-tops.html; https://www.fuitwashere.gr/2024/06/terrace-project-thessaloniki.html,exact,
ev_089,Lake Project - Platanodasos Rymnio ,Radical Party,,2024-05-18T00:42:00.000-07:00,Saturday,21:00,Fuit Art Cafe,Γρεβενά,"Αλέξανδρος Χατζής, Στέργιος Χατζηκυριακίδης",Standard,"Lake Project... ❤  Fuit was here  : T-shirts, Tank tops, Crop tops  👍 Position  : Platanodasos Rymnio - Aiani Kozanis   😎 Photo Credits  : Dimitris Vavliaras",https://www.fuitwashere.gr/2024/05/lake-project-platanodasos-rymnio.html; https://www.fuitwashere.gr/2024/07/5th-radical-party-athens-koukaki.html,exact,
ev_090,Athens 07/07 - Ράντικαλ Πάρτι vol.02,ΒΛΑΞ,,2024-05-16T04:54:00.000-07:00,Thursday,21:00,Καφενείο Η Αυλή,Αθήνα,"Αλέξανδρος Χατζής, Στέργιος Χατζηκυριακίδης",Standard,Την πρώτη φορά περάσαμε υπέροχα... Μας ζητήσατε να το επαναλάβουμε και ένα χρόνο μετά έφτασε η στιγμή να ανταμώσουμε και πάλι στην πρωτεύουσα. Η στιγμή που όλοι περιμένατε ΕΦΤΑΣΕ.  Τα RADICAL PARTY συ,https://www.fuitwashere.gr/2024/06/athens-0707-vol02.html,exact,
ev_091,Enamel Camping Mug - NEW - 100% Pure Adrenaline ,Radical Party,,2024-05-15T09:00:00.000-07:00,Wednesday,22:00,Unknown,Γρεβενά,"Αλέξανδρος Χατζής, Στέργιος Χατζηκυριακίδης",Standard,Enamel Camping Mug -  100% Pure Adrenaline  Ιδανικές για τις εξορμήσεις σας σε βουνό και θάλασσα. Το απόλυτο αξεσουάρ για camping όλες τις εποχές του χρόνου. Ιδιαίτερα ανθεκτική σε υψηλές αλλά και χαμ,https://www.fuitwashere.gr/2024/05/enamel-camping-mug-new-100-pure.html,exact,
ev_092,4th Radical Party - Vasilitsa Grevena,Radical Party,,2024-01-25T01:26:00.000-08:00,Thursday,21:00,Unknown,Γρεβενά,"Αλέξανδρος Χατζής, Στέργιος Χατζηκυριακίδης",Standard,3rd Radical Party - Elatochori Alseides Houtique Hotel  👍 Σάββατο 19 - Κυριακή 20 Ιανουαρίου Νοεμβρίου 2024 - Vasilitsa 1850 - Γρεβενά 💥 Photo Project : Γιάννης Ευαγγελόπουλος,https://www.fuitwashere.gr/2024/01/4th-radical-party-vasilitsa-grevena.html,exact,
ev_093,Fuit Was Here - Winter T-Shirt Collection,Other,,2023-11-24T01:40:00.000-08:00,Friday,22:00,Fuit Art Cafe,Γρεβενά,"Αλέξανδρος Χατζής, Στέργιος Χατζηκυριακίδης",Free,Fuit Was Here - Winter T-Shirt Collection Description  *  Made in:  GREECE    *   Color  : WHITE 🤍 *  Logo  : NO FRIENDS ON POWDER DAYS  & KEEP VASILITSA WEIRD  *  Composition  : 100% cotton  * Casual,https://www.fuitwashere.gr/2023/11/fuit-was-here-winter-t-shirt-collection.html; https://www.fuitwashere.gr/2023/11/fuit-was-here-t-shirt-black.html,exact,
ev_094,Fuit Was Here - Unisex T-Shirts ,Other,,2023-11-13T00:30:00.000-08:00,Monday,22:00,Fuit Art Cafe,Γρεβενά,"Αλέξανδρος Χατζής, Στέργιος Χατζηκυριακίδης",Standard,FUIT WAS HERE - New T-shirts Description   *  Made in : GREECE   *  Color :   🩶 Mouse Gray  💚 Dark Khaki 🧡 Terracotta *  Logo : FUIT WAS HERE  *  Composition  : 100% cotton  * Casual and understricted,https://www.fuitwashere.gr/2023/11/fuit-was-here-unisex-t-shirts.html,exact,
ev_095,Crop Tops - Black ,Radical Party,,2023-11-09T15:04:00.000-08:00,Friday,22:00,Fuit Art Cafe,Γρεβενά,"Αλέξανδρος Χατζής, Στέργιος Χατζηκυριακίδης",Standard,"❄️ Το ζητήσατε και το κάναμε πραγματικότητα. Το fuit πάει  ΒΑΣΙΛΙΤΣΑ .  ❄️  ΡΑΝΤΙΚΑΛ ΠΑΡΤΥ  στο αγαπημένο μας βουνό. Στο αγαπημένο μας καταφύγιο Vasilitsa V1850  , εκεί που μεγαλώσαμε και αγαπήσαμε το",https://www.fuitwashere.gr/2023/11/crop-top-black.html; https://www.fuitwashere.gr/2023/11/vasilitsa-19-2001.html,exact,
ev_096,3rd Radical Party - Elatochori Alseides boutique hotel ,Radical Party,,2023-11-05T15:24:00.000-08:00,Monday,21:00,Unknown,Γρεβενά,"Αλέξανδρος Χατζής, Στέργιος Χατζηκυριακίδης",Standard,3rd Radical Party - Elatochori Alseides Houtique Hotel  👍 Σάββατο 04 Νοεμβρίου 2023 - Alseides boutique hotel - Ελατοχώρι  💥 Photo Project : Γιάννης Ευαγγελόπουλος,https://www.fuitwashere.gr/2023/11/3rd-radical-party-elatochori-pierias.html,exact,
ev_097,Elatochori 04/11 - Ράντικαλ Πάρτι  ,Radical Party,,2023-11-03T15:42:00.000-07:00,Saturday,21:00,Fuit Art Cafe,Γρεβενά,"Αλέξανδρος Χατζής, Στέργιος Χατζηκυριακίδης",Standard,"ΠΑΡΑΣΚΕΥΗ 03 & ΣΑΒΒΑΤΟ 04 ΝΟΕΜΒΡΙΟΥ το fuit πάει Ελατοχώρι... Για ένα πάρτι διαφορετικό απολα τα υπόλοιπα. Και σας προσκαλούμε εκεί. Σ'ένα διήμερο με dj set, cocktails και BBQ. Διήμερη διανυκτέρευση σ",https://www.fuitwashere.gr/2023/11/elatochori-0411.html,exact,
ev_098,Fuit Was Here - T-shirts ,Other,,2023-11-01T02:05:00.000-07:00,Wednesday,22:00,Fuit Art Cafe,Γρεβενά,"Αλέξανδρος Χατζής, Στέργιος Χατζηκυριακίδης",Standard,FUIT WAS HERE - New T-shirts Made in:  Greece Composition :   100% cotton Colors :  🩶 Mouse Gray  💚 Dark Khaki 🧡 Terracotta Logo : Fuit Was Here  Sizes :  MEDIUM / LARGE / X-LARGE / XX-LARGE,https://www.fuitwashere.gr/2023/07/fuit-was-here-t-shirts.html,exact,
ev_099,2nd Radical Party - Thessaloniki Thermaikos Bar,Radical Party,,2023-10-02T10:31:00.000-07:00,Monday,21:00,Unknown,Γρεβενά,"Αλέξανδρος Χατζής, Στέργιος Χατζηκυριακίδης",Standard,2nd Radical Party - Thessaloniki Thermaikos Bar 👍 Κυριακή 01 Οκτωβρίου 2023 - Θερμαϊκός Μπαρ - Θεσσαλονίκη  💥 Photo Project : Γιώργος Τορλακίδης,https://www.fuitwashere.gr/2023/10/2nd-radical-party-thessaloniki.html,exact,
ev_100,THESSALONIKI 01/10 - Ράντικαλ Πάρτι ,Radical Party,,2023-08-29T02:32:00.001-07:00,Tuesday,21:00,Fuit Art Cafe,Γρεβενά,"Αλέξανδρος Χατζής, Στέργιος Χατζηκυριακίδης",Standard,"Θεσσαλονίκη είσαι εδώ; Θεσσαλονίκη είσαι έτοιμη; Τα Ράντικαλ Πάρτι ξεκίνησαν, δεύτερη στάση ΘΕΣΣΑΛΟΝΙΚΗ Μη ρωτήσετε που; Δεν θα μπορούσε να γίνει αλλού. Στο μπαρ της καρδιάς μας. Στο μπαρ που μεγαλώσα",https://www.fuitwashere.gr/2023/08/thessaloniki-0110.html,exact,
ev_101,Keep Vasilitsa Weird ,Radical Party,,2023-06-23T04:19:00.006-07:00,Friday,21:00,Unknown,Γρεβενά,"Αλέξανδρος Χατζής, Στέργιος Χατζηκυριακίδης",Standard,Live to Get Radical 🩷  T-Shirt : Keep Vasilitsa Weird 📍  Position : Athens Greece  📸  Photo credits:  @George Kondilis  -  Model : @yanmungul,https://www.fuitwashere.gr/2023/06/blog-post.html,exact,
ev_102,1st Radical Party - ATHENS Koukaki ,Radical Party,,2023-05-18T00:58:00.008-07:00,Thursday,21:00,Καφενείο Η Αυλή,Αθήνα,"Αλέξανδρος Χατζής, Στέργιος Χατζηκυριακίδης",Standard,1st Radical Party - ATHENS Koukaki  👍 Κυριακή 14 Μαϊου 2023 - Καφενείο Η ΑΥΛΗ - Κουκάκι Αθήνα  💥 Photo Project : Γιώργος Κονδύλης,https://www.fuitwashere.gr/2023/05/1st-radical-party-athens-koukaki.html,exact,
ev_103,ATHENS 14/05 - Ράντικαλ Πάρτι ,Radical Party,,2023-04-19T14:53:00.000-07:00,Thursday,21:00,Καφενείο Η Αυλή,Αθήνα,"Αλέξανδρος Χατζής, Στέργιος Χατζηκυριακίδης",Standard,Η στιγμή που όλοι περιμένατε  ΕΦΤΑΣΕ   Τα  PARTY  ξεκινάνε...  ΑΘΗΝΑ ΕΡΧΟΜΑΣΤΕ ... ▪️Σας είχαμε πει δεν θα χαθούμε... ▪️Σας είχαμε πει θα ξαναβρεθούμε...  ▪️Σας είχαμε πει θα ξαναπαρταρουμε...  ▪️Σε ά,https://www.fuitwashere.gr/2023/04/athens-1405.html,exact,
ev_104,Tote Bags ,Other,,2023-04-17T11:48:00.016-07:00,Monday,21:00,Fuit Art Cafe,Γρεβενά,"Αλέξανδρος Χατζής, Στέργιος Χατζηκυριακίδης",Standard,Fuit Was Here - Tote Bags  Περιγραφή  Τα τελευταία χρόνια η δημοτικότητα τους έχει αυξηθεί κατακόρυφα κι αυτό μόνο τυχαίο δεν είναι. Οι υφασμάτινες τσάντες είναι ιδανικές για να μεταφέρετε πετσέτες στ,https://www.fuitwashere.gr/2023/04/fuit-was-here-tote-bags.html,exact,
ev_105,No Friends on Powder Days -T-Shirt White,Other,,2023-04-05T14:30:00.000-07:00,Thursday,22:00,Fuit Art Cafe,Γρεβενά,"Αλέξανδρος Χατζής, Στέργιος Χατζηκυριακίδης",Free,Fuit Was Here - NO FRIENDS ON POWDER DAYS    Description  *  Made in:  GREECE    *   Color  : White  *  Logo  : NO FRIENDS ON POWDER DAYS  *  Composition  : 100% cotton  * Casual and understricted rel,https://www.fuitwashere.gr/2023/03/fuit-was-here-no-friends-on-powder-days.html,exact,
ev_106,Fuit Was Here - Our People ,Radical Party,,2023-04-03T03:55:00.006-07:00,Monday,21:00,Fuit Art Cafe,Γρεβενά,"Αλέξανδρος Χατζής, Στέργιος Χατζηκυριακίδης",Standard,Fuit Was Here - KEEP VASILITSA WEIRD Description  *  Made in:  GREECE    *   Color  : White  *  Logo  : KEEP GREVENA WEIRD  *  Composition  : 100% cotton  * Casual and understricted relaxed fit  * Hea,https://www.fuitwashere.gr/2023/04/fuit-was-here-our-people.html; https://www.fuitwashere.gr/2023/03/fuit-was-here-keep-vasilitsa-weird-t.html,exact,
ev_107,Fuit was in Thessaloniki ,Radical Party,,2023-04-01T13:15:00.002-07:00,Saturday,21:00,Fuit Art Cafe,Γρεβενά,"Αλέξανδρος Χατζής, Στέργιος Χατζηκυριακίδης",Standard,Μεγάλες Βαμβακερές Πετσέτες Παραλίας Οι πετσέτες παραλίας είναι πλέον το βασικό αξεσουάρ των καλοκαιρινών μας εξορμήσεων. Μεγάλες βαμβακερές πετσέτες σε τρία μοναδικά χρώματα και τρία διαφορετικά μεγέ,https://www.fuitwashere.gr/2023/03/fuit-was-in-thessaloniki.html; https://www.fuitwashere.gr/2023/05/towels-fuit-was-here.html,exact,
ev_108,Ναυσικά Μησιοπούλου was here - Athens - Snowboard ,Other,,2023-03-29T14:59:00.004-07:00,Thursday,21:00,Βασιλίτσα Ski Resort,Γρεβενά,"Αλέξανδρος Χατζής, Στέργιος Χατζηκυριακίδης",Standard,"Χαριζόπουλος Γιάννης - John Harizo Ημ.Γεν .:30/07/93 Κάτοικος : Γρεβενά-Θεσσαλονίκη Ύψος :1,82 Βάρος :75kg Αγαπημένο Βουνό:  Βασιλίτσα Π εδίο εκπαίδευσης : Κάθε νέο spot και μια καινούρια πρόκληση.  F",https://www.fuitwashere.gr/2023/03/was-here-athens-snowboard.html; https://www.fuitwashere.gr/2023/03/was-here-thessaloniki-freestyle-football.html,exact,
ev_109,Enamel Travel Bottle - White - Live to Get Radical,Radical Party,,2023-03-20T11:48:00.002-07:00,Monday,21:00,Unknown,Γρεβενά,"Αλέξανδρος Χατζής, Στέργιος Χατζηκυριακίδης",Standard,Enamel Travel Bottle - Live to Get Radical Για ένα αύριο με καθαρά βουνά και καθαρές θάλασσες το thermos travel bottle δημιουργήθηκε για να μας ακολουθεί στα ταξίδια και τις περιπέτειες μας. Διατηρεί ,https://www.fuitwashere.gr/2022/12/thermos-travel-bottle-live-to-get.html; https://www.fuitwashere.gr/2023/03/fuit-was-here-our-people_19.html,exact,
ev_110,Fuit was in Cyprus ,Radical Party,,2023-03-18T03:21:00.008-07:00,Saturday,21:00,Fuit Art Cafe,Γρεβενά,"Αλέξανδρος Χατζής, Στέργιος Χατζηκυριακίδης",Standard,Live to Get Radical... ❤️  Fuit was here  : T-Shirt - No Friends on Powder Days  👍 Position  : Cyprus Greece 😎 Photo Credits  : George Stylianou,https://www.fuitwashere.gr/2023/03/fuit-was-in-cyprus.html,exact,
ev_111,Enamel Camping Mug - White - Live to Get Radical ,Radical Party,,2023-03-14T15:00:00.005-07:00,Wednesday,21:00,Unknown,Γρεβενά,"Αλέξανδρος Χατζής, Στέργιος Χατζηκυριακίδης",Standard,Enamel Camping Mug - Live to Get Radical  Ιδανικές για τις εξορμήσεις σας σε βουνό και θάλασσα. Το απόλυτο αξεσουάρ για camping όλες τις εποχές του χρόνου. Ιδιαίτερα ανθεκτική σε υψηλές αλλά και χαμηλ,https://www.fuitwashere.gr/2022/12/enamel-camping-mug-live-to-get-radical.html; https://www.fuitwashere.gr/2023/03/fuit-was-here-our-people_13.html,exact,
ev_112,Fuit Was Here - Our People ,Radical Party,,2023-03-11T02:20:00.003-08:00,Saturday,21:00,Fuit Art Cafe,Γρεβενά,"Αλέξανδρος Χατζής, Στέργιος Χατζηκυριακίδης",Standard,Live to Get Radical... ❤  Fuit was here :  Black Beanie & Enamel Travel Thermo Bottle  👍Position :  Aiani Kozanis   😎 Photo Credits :  Dimitris Vavliaras,https://www.fuitwashere.gr/2023/03/fuit-was-here-our-people.html; https://www.fuitwashere.gr/2023/03/fuit-was-in-rotterdam.html; https://www.fuitwashere.gr/2023/03/fuit-was-here-keep-vasilitsa-weird.html,exact,
ev_113,Hedgehog Beanies - Pink ,Radical Party,,2023-03-05T13:24:00.015-08:00,Sunday,22:00,Fuit Art Cafe,Γρεβενά,"Αλέξανδρος Χατζής, Στέργιος Χατζηκυριακίδης",Standard,"Παντελής Γκουντάνος Ημ. Γεν .: 24/2/2013 Κάτοικος : Καλαμαριά, Θεσσαλονίκη Ύψος : 136cm Βάρος : 30kg Αγαπημένο βουνό : Βασιλίτσα Εξοπλισμός : Nitro (snowboard, bindings, boots), FuitWasHere (clothing)",https://www.fuitwashere.gr/2023/03/fuit-was-here-hedgehog-beanies-pink.html; https://www.fuitwashere.gr/2023/03/fuit-was-here-hedgehog-beanies-black.html; https://www.fuitwashere.gr/2023/03/fuit-was-here-moments-aiani-kozanis.html; https://www.fuitwashere.gr/2023/03/fuit-was-here-hedgehog-beanies-red-wine.html; https://www.fuitwashere.gr/2023/03/fuit-was-here-fuit-beanies-red-wine.html; https://www.fuitwashere.gr/2023/02/blog-post.html,exact,
ev_114,Patches - Black/White/Red,Other,,2023-03-03T08:11:00.002-08:00,Friday,22:00,Fuit Art Cafe,Γρεβενά,"Αλέξανδρος Χατζής, Στέργιος Χατζηκυριακίδης",Standard,"Fuit Patches (set 3 items) Δώστε ένα διαφορετικό στυλ στο μπουφάν, το σκάκι, το σακίδιο ή την τσάντα ταξιδίου σας με τα κεντητά διακοσμητικά patches.  * Το σετ περιλαμβάνει τρία patches (Skull - Fuit ",https://www.fuitwashere.gr/2022/12/fuit-patches-set-3-items.html,exact,
ev_115,About Us,Radical Party,,2023-01-01T06:47:00.000-08:00,Sunday,21:00,Fuit Art Cafe,Γρεβενά,"Αλέξανδρος Χατζής, Στέργιος Χατζηκυριακίδης",Free,"Η ανάγκη μας για ένα ελεύθερο τρόπο σκέψης, η γνωριμία μας με νέους ανθρώπους και η ανάδειξη του ταλέντου τους, καθώς επίσης και η αναζήτηση – παρουσίαση καινούριων προορισμών ήταν μερικοί από τους λό",https://www.fuitwashere.gr/2022/10/blog-post.html,exact,
ev_116,Fuit Art Cafe - Keep Grevena Weird,Other,,,Unknown,21:00,Fuit Art Cafe,Γρεβενά,"Αλέξανδρος Χατζής, Στέργιος Χατζηκυριακίδης",Standard,,https://www.youtube.com/watch?v=xn4L7PU5ojw,inferred,
ev_117,Κωσταντής Πιστιόλης στο fuit art cafe (2),Other,,,Unknown,21:00,Fuit Art Cafe,Γρεβενά,"Αλέξανδρος Χατζής, Στέργιος Χατζηκυριακίδης",Standard,,https://www.youtube.com/watch?v=rdjKJ8n9Xao,inferred,
ev_118,Κωσταντής Πιστιόλης στο fuit art cafe,Other,,,Unknown,21:00,Fuit Art Cafe,Γρεβενά,"Αλέξανδρος Χατζής, Στέργιος Χατζηκυριακίδης",Standard,,https://www.youtube.com/watch?v=8c9jAMPYcqM,inferred,
ev_119,12ος Πίθηκος - κανόνες - fuit art cafe,Other,,,Unknown,21:00,Fuit Art Cafe,Γρεβενά,"Αλέξανδρος Χατζής, Στέργιος Χατζηκυριακίδης",Standard,,https://www.youtube.com/watch?v=4n0dkSR27HU,inferred,
ev_120,Ματούλα Ζαμάνη live - 4 χρόνια fuit art cafe,Other,,,Unknown,21:00,Fuit Art Cafe,Γρεβενά,"Αλέξανδρος Χατζής, Στέργιος Χατζηκυριακίδης",Standard,,https://www.youtube.com/watch?v=u15W78Ak5sk,inferred,
ev_121,Baildsa cover TALCO ST. PAULI at fuit art cafe,Other,,,Unknown,21:00,Fuit Art Cafe,Γρεβενά,"Αλέξανδρος Χατζής, Στέργιος Χατζηκυριακίδης",Standard,,https://www.youtube.com/watch?v=c6f7JAUqv8c,inferred,
ev_122,fuit art cafe MANITAROCK LIVE,Other,,,Unknown,21:00,Fuit Art Cafe,Γρεβενά,"Αλέξανδρος Χατζής, Στέργιος Χατζηκυριακίδης",Standard,,https://www.youtube.com/watch?v=G6PK3kCBg-Y,inferred,
ev_123,Fuit art cafe Mushroom Exhibition,Other,,,Unknown,21:00,Fuit Art Cafe,Γρεβενά,"Αλέξανδρος Χατζής, Στέργιος Χατζηκυριακίδης",Standard,,https://www.youtube.com/watch?v=qbChPsvFshA,inferred,
ev_124,baildsa live fuit art cafe (grevena 16/07/14),Other,,,Unknown,21:00,Fuit Art Cafe,Γρεβενά,"Αλέξανδρος Χατζής, Στέργιος Χατζηκυριακίδης",Standard,,https://www.youtube.com/watch?v=16KcuzINFpI,inferred,
ev_125,Penalti Samaras at fuit art cafe,Other,,,Unknown,21:00,Fuit Art Cafe,Γρεβενά,"Αλέξανδρος Χατζής, Στέργιος Χατζηκυριακίδης",Standard,,https://www.youtube.com/watch?v=N3TQSokzKUw,inferred,
ev_126,fuit art cafe grevena,Other,,,Unknown,21:00,Fuit Art Cafe,Γρεβενά,"Αλέξανδρος Χατζής, Στέργιος Χατζηκυριακίδης",Standard,,https://www.youtube.com/watch?v=dNjDtK1u2lg,inferred,
ev_127,making off- fuit teaser for baildsa live,Other,,,Unknown,21:00,Fuit Art Cafe,Γρεβενά,"Αλέξανδρος Χατζής, Στέργιος Χατζηκυριακίδης",Standard,,https://www.youtube.com/watch?v=qyFbnfN0Nas,inferred,
ev_128,Baildsa live - fuit art cafe - 01/03 teaser,Other,,,Unknown,21:00,Fuit Art Cafe,Γρεβενά,"Αλέξανδρος Χατζής, Στέργιος Χατζηκυριακίδης",Standard,,https://www.youtube.com/watch?v=F1Sv6_pswGQ,inferred,
ev_129,THE BADASS IGLOO EXPERIENCE 2019,Other,,2019-05-07,Tuesday,21:00,Fuit Art Cafe,Γρεβενά,"Αλέξανδρος Χατζής, Στέργιος Χατζηκυριακίδης",Standard,"The first official Igloo Experience in Greece couldn't have been a better meeting for aspiring eskimos! Igloos, Snowboards, kids, dogs, food by the fire and plenty of snow made this event one to remem",https://www.youtube.com/watch?v=Mqv6h2eb98Q,exact,
ev_130,Έκθεση φωτογραφίας προσφύγων στο Fuit art café,Other,,2019-11-15,Friday,21:00,Fuit Art Cafe,Γρεβενά,"Αλέξανδρος Χατζής, Στέργιος Χατζηκυριακίδης",Standard,http://greveniotis.gr/,https://www.youtube.com/watch?v=VUylKr6kZuI,exact,
ev_131,Pindos Atletico - Eya (Official Music Video),Other,,2020-08-19,Wednesday,21:00,Fuit Art Cafe,Γρεβενά,"Αλέξανδρος Χατζής, Στέργιος Χατζηκυριακίδης",Standard,Subscribe: https://bit.ly/PindosAtleticoOfficial Buy/Stream: iTunes: https://apple.co/31T5KS0 Spotify: https://spoti.fi/346NqHT  Deezer: https://bit.ly/2Y6Txbi Google Play: https://bit.ly/2E6M1Gq  T-s,https://www.youtube.com/watch?v=vl-KqghWBm8,exact,
ev_132,Manitarock-Θερμαστής live@fuit art cafe Grevena,Other,,,Unknown,22:00,Fuit Art Cafe,Γρεβενά,"Αλέξανδρος Χατζής, Στέργιος Χατζηκυριακίδης",Standard,Manitarock-Θερμαστής live@fuit art cafe Grevena 27/10/2015 Σύνθεση και στίχοι του Γιώργου Μπάτη join us on fb ...,https://www.youtube.com/watch?v=SoO1puPjzs0,inferred,
ev_133,ΑΦΑΝΙΣΜΟΣ LIVE(FUIT@GREVENA),Other,,,Unknown,21:00,Fuit Art Cafe,Γρεβενά,"Αλέξανδρος Χατζής, Στέργιος Χατζηκυριακίδης",Standard,"... LIVE FUIT ART CAFE,GREVENA 24/1/2015 1.MY SOUL 2.YΠΟΣΥΣΤΗΜΑ https://www.facebook.com/afanismos?ref=hl.",https://www.youtube.com/watch?v=sAk8JoAKJSc,inferred,
ev_134,υποσυστημα fuit.mpg,Other,,,Unknown,21:00,Fuit Art Cafe,Γρεβενά,"Αλέξανδρος Χατζής, Στέργιος Χατζηκυριακίδης",Standard,,https://www.youtube.com/watch?v=nW9oS7CFZFE,inferred,
ev_135,fuit extreme party,Other,,,Unknown,21:00,Fuit Art Cafe,Γρεβενά,"Αλέξανδρος Χατζής, Στέργιος Χατζηκυριακίδης",Standard,"1o fuit extreme party... Γέμισε ο πεζόδρομος ""αληταράδες"". Όσο κι αν ενοχλεί κάποιους εμείς θα το επαναλάβουμε...",https://www.youtube.com/watch?v=PhANeHMk7ew,inferred,
ev_136,fuit extreme party - toumpes,Other,,,Unknown,21:00,Fuit Art Cafe,Γρεβενά,"Αλέξανδρος Χατζής, Στέργιος Χατζηκυριακίδης",Standard,"1o fuit extreme party... Γέμισε ο πεζόδρομος ""αληταράδες"". Όσο κι αν ενοχλεί κάποιους εμείς θα το επαναλάβουμε...",https://www.youtube.com/watch?v=xmUAiIbKVIw,inferred,
ev_137,ΧΡΙΣΤΙΝΑ ΜΑΞΟΥΡΗ ΓΡΕΒΕΝΑ FUIT ART CAFE,Other,,,Unknown,21:00,Fuit Art Cafe,Γρεβενά,"Αλέξανδρος Χατζής, Στέργιος Χατζηκυριακίδης",Standard,,https://www.youtube.com/watch?v=u6e7Amftuhc,inferred,
ev_138,Beggar's Blues Diary Interview Grevena Fuit Art Cfe 060613 Gridinho,Other,,,Unknown,21:00,Fuit Art Cafe,Γρεβενά,"Αλέξανδρος Χατζής, Στέργιος Χατζηκυριακίδης",Standard,,https://www.youtube.com/watch?v=gLdtS6XC-P4,inferred,
ev_139,Fuit & Fuitplus.gr,Other,,,Unknown,21:00,Fuit Art Cafe,Γρεβενά,"Αλέξανδρος Χατζής, Στέργιος Χατζηκυριακίδης",Standard,,https://www.youtube.com/watch?v=I1V1rpIVOMw,inferred,
ev_140,5η Πανελλήνια γιορτή μανιταριού(γέφυρα σπανού Γρεβενά),Other,,,Unknown,21:00,Fuit Art Cafe,Γρεβενά,"Αλέξανδρος Χατζής, Στέργιος Χατζηκυριακίδης",Standard,"Papanikos/S.P.E/Soske Nanay/Manitarock/Dark Nightmare/Mania 22/24/8/2007 Spanou bridge,Grevena,Greece mushrooms ...",https://www.youtube.com/watch?v=WZCOeRMXK9s,inferred,
ev_141,"Γρεβενά, Λιβάδι Ολύμπου  ◇ AKOU TIS RIZES MAS",Other,,,Unknown,21:00,Fuit Art Cafe,Γρεβενά,"Αλέξανδρος Χατζής, Στέργιος Χατζηκυριακίδης",Standard,"Subscribe! ◇ Υπάρχει Μουσική, υπάρχει και Ζωή. Εκπομπή 1η-Μέρος 3ο Η εκπομπή ολοκληρώνεται σε τέσσερα μέρη. Η εκπομπή ...",https://www.youtube.com/watch?v=a7Xf7MyarPw,inferred,
ev_142,23/01/2021- Ανδρέας Πάτσης στο e-grevena portal  και στον δημοσιογράφο Κώστα Μάρκου,Other,,,Unknown,21:00,Fuit Art Cafe,Γρεβενά,"Αλέξανδρος Χατζής, Στέργιος Χατζηκυριακίδης",Standard,Ο Βουλευτής μεταξύ άλλων αναφέρθηκε στο μέλλον των τμημάτων του Πανεπιστημίου Δυτικής Μακεδονίας στα Γρεβενά ενόψει του ...,https://www.youtube.com/watch?v=z1ZZYrVcGH8,inferred,
ev_143,LIVE 111◇ PARASCHOS DIMITRIS - TSIOTIKAS MAKIS◇Γαλάτα (οργανικός σκοπός από τα Γρεβενά),Other,,,Unknown,21:00,Fuit Art Cafe,Γρεβενά,"Αλέξανδρος Χατζής, Στέργιος Χατζηκυριακίδης",Standard,"Subscribe! ◇ Υπάρχει Μουσική, υπάρχει και Ζωή. Κάνε ΕΓΓΡΑΦΗ στο κανάλι και πάτησε ""κλικ"" στο καμπανάκι για να ακούς ...",https://www.youtube.com/watch?v=ncKWbpJr10c,inferred,
